Timestamp,Age,Gender,School Level,"What is the size of your class?
(Please enter the total number of students in your class.)",How supportive is your family? ,"How much support do you get from your siblings?
",  How often is there conflict at home?  ,Do your parents monitor your schoolwork and activities?,How many close friends do you have at school?,How much support do you get from your friends?,How supportive are your teachers?,Is there a system for reporting bullying at your school,Do teachers supervise students properly in class and during recess?,How safe do you feel at school?,How stressed do you feel at school,How would you rate your self-esteem/confidence?,How often do you feel lonely at school?,How often do you use social media?,Have you ever been bullied at school,"If yes, what type of bullying have you experienced? (Select all that apply)  ",How often have you experienced this bullying? , What do you usually do when someone bullies you? (Select all that apply)
10/27/2025 22:40:49,21,Female,College/Pre-University/University,50,High,Often,Sometimes,Not at all,More than 5,Always,High,No,Never,Safe,Low,Low,Sometimes,3-5 hours,Yes,Verbal,Rarely,"Tell a friend, Ignore it/keep it to myself"
10/27/2025 22:40:52,22,Female,College/Pre-University/University,60+,Very High,Always,Sometimes,Sometimes,3-5,Often,Low,Not sure,Never,Safe,Low,High,Sometimes,3-5 hours,Yes,"Verbal, Relational / Social",Sometimes,"Ignore it/keep it to myself, Fight back or defend myself, Post about it online"
10/27/2025 22:43:36,17,Female,Secondary School,48,High,Always,Sometimes,Sometimes,3-5,Often,Low,Yes,Often,Safe,Low,Low,Sometimes,3-5 hours,Yes,Verbal,Often,"Tell a friend, Ignore it/keep it to myself, Fight back or defend myself"
10/27/2025 22:44:55,21,Female,College/Pre-University/University,400,Low,Never,Sometimes,Often,3-5,Sometimes,Very Low,Yes,Never,Slightly safe,High,Low,Sometimes,more than 5 hours,Yes,"Verbal, Relational / Social",Often,Ignore it/keep it to myself
10/27/2025 22:47:53,12,Female,Primary School,29,High,Always,Often,Sometimes,1-2,Sometimes,Low,Not sure,Always,Safe,Low,Low,Often,1-2 hours,Yes,"Physical, Verbal, Relational / Social, Cyber",Sometimes,"Tell a friend, Ignore it/keep it to myself"
10/27/2025 22:58:47,21,Female,College/Pre-University/University,50,High,Often,Sometimes,Sometimes,3-5,Sometimes,Low,No,Sometimes,Safe,High,Low,Sometimes,3-5 hours,Yes,"Physical, Verbal, Relational / Social",Sometimes,"Tell a parent or family member, Ignore it/keep it to myself"
10/27/2025 23:13:59,21,Female,College/Pre-University/University,50,Very High,Often,Sometimes,Sometimes,3-5,Often,High,Yes,Sometimes,Safe,Low,High,Sometimes,3-5 hours,No,,,
10/27/2025 23:20:14,21,Female,College/Pre-University/University,300,Very High,Sometimes,Sometimes,Often,1-2,Often,Low,Not sure,Sometimes,Safe,High,Low,Sometimes,more than 5 hours,Yes,"Physical, Relational / Social",Rarely,"Tell a parent or family member, Ignore it/keep it to myself, Fight back or defend myself"
10/27/2025 23:21:11,21,Female,College/Pre-University/University,16,Low,Often,Sometimes,Sometimes,3-5,Sometimes,High,No,Often,Safe,High,Low,Sometimes,more than 5 hours,No,,,
10/27/2025 23:23:13,20,Female,College/Pre-University/University,30,Low,Sometimes,Sometimes,Not at all,3-5,Sometimes,Low,No,Often,Safe,Low,Low,Never,more than 5 hours,No,,,
10/28/2025 0:51:01,22,Female,College/Pre-University/University,42,High,Sometimes,Sometimes,Not at all,3-5,Always,Low,No,Never,Safe,Very High,High,Never,1-2 hours,Yes,Sexual,Rarely,Tell a friend
10/28/2025 7:32:02,32,Male,College/Pre-University/University,49,High,Often,Sometimes,Sometimes,1-2,Sometimes,High,No,Sometimes,Safe,Low,High,Sometimes,more than 5 hours,Yes,"Physical, Relational / Social",Rarely,Ignore it/keep it to myself
10/28/2025 7:32:16,21,Female,College/Pre-University/University,30,High,Sometimes,Never,Sometimes,3-5,Often,Low,No,Sometimes,Slightly safe,High,Low,Sometimes,more than 5 hours,No,,,
10/28/2025 7:34:01,21,Female,College/Pre-University/University,30,Very High,Always,Sometimes,Often,3-5,Often,High,Not sure,Often,Safe,Low,High,Sometimes,3-5 hours,No,,,
10/28/2025 9:18:53,21,Female,College/Pre-University/University,15,Very High,Often,Sometimes,Not at all,3-5,Always,Low,Not sure,Sometimes,Slightly safe,High,High,Sometimes,3-5 hours,No,,,
10/28/2025 14:59:28,22,Female,College/Pre-University/University,118,Very High,Always,Sometimes,Not at all,3-5,Always,High,Not sure,Sometimes,Safe,High,High,Sometimes,more than 5 hours,No,,,
10/30/2025 11:00:09,21,Male,College/Pre-University/University,21,Low,Sometimes,Sometimes,Not at all,3-5,Always,Very High,No,Never,Safe,Low,Low,Sometimes,more than 5 hours,Yes,Verbal,Sometimes,"Ignore it, cuz I don't care about it"
10/30/2025 11:01:31,21,Female,College/Pre-University/University,30,High,Often,Sometimes,Often,3-5,Always,High,Not sure,Sometimes,Slightly safe,Low,High,Sometimes,3-5 hours,No,,,
10/30/2025 11:06:22,21,Female,College/Pre-University/University,23,High,Often,Sometimes,Sometimes,3-5,Often,High,Yes,Often,Safe,High,High,Sometimes,3-5 hours,Yes,"Verbal, Relational / Social",Sometimes,"Tell a parent or family member, Tell a friend"
10/30/2025 11:10:24,17,Female,Secondary School,39,Low,Sometimes,Sometimes,Sometimes,3-5,Often,Low,No,Sometimes,Slightly safe,Low,High,Never,1-2 hours,No,,,
10/30/2025 11:10:29,19,Female,College/Pre-University/University,30,High,Often,Sometimes,Sometimes,More than 5,Often,Low,Not sure,Sometimes,Safe,Low,High,Never,more than 5 hours,No,,,
10/30/2025 11:14:00,18,Female,College/Pre-University/University,30,High,Often,Sometimes,Sometimes,1-2,Sometimes,High,No,Sometimes,Slightly safe,High,Low,Sometimes,3-5 hours,Yes,"Verbal, Relational / Social",Sometimes,Ignore it/keep it to myself
10/30/2025 11:42:47,21,Female,College/Pre-University/University,50,Very High,Always,Always,Always,More than 5,Always,Very High,Not sure,Always,Very safe,Very High,High,Sometimes,more than 5 hours,No,,,
10/30/2025 11:42:49,21,Female,College/Pre-University/University,50,Very High,Always,Sometimes,Sometimes,3-5,Often,High,Not sure,Often,Very safe,Low,High,Never,more than 5 hours,No,,,
10/30/2025 11:43:33,21,Male,College/Pre-University/University,50,High,Often,Sometimes,Sometimes,More than 5,Always,Low,Not sure,Never,Safe,High,Very Low,Sometimes,3-5 hours,Yes,"Verbal, Relational / Social",Rarely,"Tell a friend, Ignore it/keep it to myself, Fight back or defend myself"
10/30/2025 11:47:38,21,Female,College/Pre-University/University,45,High,Often,Often,Not at all,3-5,Sometimes,High,No,Often,Safe,High,High,Sometimes,3-5 hours,No,,,
10/30/2025 11:55:36,21,Female,College/Pre-University/University,30,High,Always,Sometimes,Not at all,3-5,Always,High,Not sure,Sometimes,Safe,Low,High,Sometimes,more than 5 hours,No,,,
10/30/2025 12:02:12,22,Male,College/Pre-University/University,53,Low,Sometimes,Sometimes,Sometimes,More than 5,Sometimes,High,Not sure,Sometimes,Safe,High,High,Sometimes,more than 5 hours,Yes,"Verbal, Cyber",Sometimes,"Tell a friend, Ignore it/keep it to myself"
10/30/2025 12:15:34,21,Female,College/Pre-University/University,15,High,Always,Sometimes,Sometimes,3-5,Always,High,Yes,Often,Safe,Low,High,Sometimes,more than 5 hours,No,,,
10/30/2025 12:32:12,28,Male,College/Pre-University/University,100,High,Sometimes,Sometimes,Often,None,Never,Very Low,No,Never,Slightly safe,High,Very Low,Always,more than 5 hours,No,,,
10/30/2025 12:37:45,22,Male,College/Pre-University/University,60,High,Sometimes,Sometimes,Sometimes,3-5,Sometimes,High,No,Sometimes,Slightly safe,High,Low,Sometimes,1-2 hours,No,,,
10/30/2025 12:46:16,21,Male,College/Pre-University/University,30,High,Sometimes,Sometimes,Not at all,3-5,Often,Low,Yes,Sometimes,Slightly safe,High,Very Low,Sometimes,more than 5 hours,No,,,
10/30/2025 13:18:02,21,Female,College/Pre-University/University,35,Low,Sometimes,Sometimes,Not at all,1-2,Often,High,No,Sometimes,Safe,High,Low,Sometimes,more than 5 hours,No,,,
10/30/2025 14:38:02,22,Female,College/Pre-University/University,36,High,Always,Sometimes,Sometimes,3-5,Sometimes,Low,Yes,Sometimes,Safe,High,High,Never,3-5 hours,No,,,
10/30/2025 14:38:31,22,Male,College/Pre-University/University,35,High,Often,Sometimes,Sometimes,3-5,Often,Low,Not sure,Sometimes,Safe,Low,High,Sometimes,more than 5 hours,Yes,Verbal,Rarely,"Tell a friend, Ignore it/keep it to myself, Fight back or defend myself"
10/30/2025 14:46:43,21,Female,College/Pre-University/University,25,High,Sometimes,Sometimes,Sometimes,3-5,Often,Low,No,Often,Slightly safe,High,Low,Sometimes,more than 5 hours,No,,,
10/30/2025 14:48:30,20,Female,College/Pre-University/University,100,High,Sometimes,Sometimes,Not at all,1-2,Sometimes,High,Not sure,Sometimes,Safe,High,High,Sometimes,3-5 hours,Yes,"Verbal, Relational / Social",Rarely,Ignore it/keep it to myself
10/30/2025 17:04:45,21,Male,College/Pre-University/University,50,Very High,Always,Sometimes,Sometimes,More than 5,Always,Very High,Not sure,Often,Safe,Low,High,Never,more than 5 hours,No,,,
10/30/2025 17:09:53,22,Male,College/Pre-University/University,50,High,Often,Sometimes,Sometimes,3-5,Often,Very High,No,Sometimes,Very safe,Low,High,Sometimes,3-5 hours,No,,,
10/30/2025 18:59:39,28,Female,College/Pre-University/University,8,High,Often,Sometimes,Not at all,3-5,Always,High,No,Sometimes,Safe,Low,Very High,Sometimes,more than 5 hours,No,,,
10/30/2025 20:52:02,22,Female,College/Pre-University/University,10,High,Often,Sometimes,Sometimes,1-2,Sometimes,High,Yes,Often,Safe,Low,Low,Sometimes,1-2 hours,No,,,
10/30/2025 21:06:22,18,Female,Secondary School,35,High,Often,Sometimes,Often,3-5,Always,High,No,Never,Slightly safe,High,Low,Sometimes,more than 5 hours,No,,,
10/30/2025 21:47:19,21,Male,College/Pre-University/University,20,High,Sometimes,Sometimes,Not at all,1-2,Sometimes,High,Not sure,Never,Slightly safe,Low,High,Sometimes,3-5 hours,No,,,
10/30/2025 21:48:36,20,Female,College/Pre-University/University,130,High,Sometimes,Sometimes,Not at all,1-2,Sometimes,Low,Not sure,Sometimes,Safe,Low,Low,Sometimes,3-5 hours,No,,,
10/30/2025 22:28:14,23,Male,College/Pre-University/University,80,High,Sometimes,Always,Always,More than 5,Always,Low,No,Sometimes,Slightly safe,Very High,High,Always,more than 5 hours,Yes,"Physical, Verbal, Relational / Social",Sometimes,"Tell a parent or family member, Tell a friend, Fight back or defend myself"
10/30/2025 22:42:09,25,Male,College/Pre-University/University,53,High,Often,Always,Often,1-2,Often,High,Yes,Often,Safe,Very High,High,Often,more than 5 hours,Yes,"Relational / Social, Cyber",Always,"Tell a friend, Fight back or defend myself"
10/30/2025 22:44:54,21,Male,College/Pre-University/University,13,Very High,Always,Sometimes,Sometimes,3-5,Often,High,Not sure,Never,Safe,High,Low,Sometimes,more than 5 hours,Yes,"Verbal, Relational / Social",Rarely,Ignore it/keep it to myself
10/30/2025 22:45:12,21,Female,College/Pre-University/University,61,High,Sometimes,Sometimes,Not at all,3-5,Often,High,Not sure,Sometimes,Safe,Low,Low,Never,3-5 hours,Yes,Verbal,Rarely,"Ignore it/keep it to myself, Fight back or defend myself"
10/30/2025 22:48:02,21,Female,College/Pre-University/University,71,High,Sometimes,Sometimes,Not at all,3-5,Often,High,Not sure,Often,Safe,Low,High,Sometimes,1-2 hours,Yes,"Relational / Social, Cyber",Rarely,"Tell a friend, Ignore it/keep it to myself"
10/30/2025 22:55:22,21,Female,College/Pre-University/University,80,Very High,Often,Often,Often,3-5,Always,High,Yes,Always,Very safe,High,Low,Sometimes,3-5 hours,No,,,
10/30/2025 23:02:10,21,Female,College/Pre-University/University,150,High,Often,Sometimes,Not at all,1-2,Often,Very Low,Yes,Sometimes,Very safe,Low,Low,Sometimes,more than 5 hours,No,,,
10/30/2025 23:33:23,21,Female,College/Pre-University/University,25,Very High,Always,Sometimes,Not at all,1-2,Always,High,No,Often,Safe,Low,High,Sometimes,more than 5 hours,Yes,Verbal,Rarely,Tell a friend
10/30/2025 23:38:10,21,Female,College/Pre-University/University,10,Low,Sometimes,Sometimes,Not at all,3-5,Often,High,No,Often,Safe,High,Very Low,Sometimes,more than 5 hours,Yes,Verbal,Rarely,Ignore it/keep it to myself
10/30/2025 23:54:14,23,Female,College/Pre-University/University,60,Very High,Often,Sometimes,Often,3-5,Often,High,Yes,Sometimes,Safe,Low,Low,Sometimes,more than 5 hours,No,,,
10/31/2025 0:16:43,21,Female,College/Pre-University/University,120,Very High,Often,Sometimes,Sometimes,More than 5,Always,High,Not sure,Often,Safe,Low,High,Sometimes,more than 5 hours,No,,,
10/31/2025 2:06:40,21,Female,College/Pre-University/University,25,Very High,Always,Sometimes,Not at all,1-2,Always,High,Not sure,Never,Safe,Low,Low,Sometimes,3-5 hours,Yes,Relational / Social,Sometimes,Ignore it/keep it to myself
10/31/2025 9:09:02,25,Female,College/Pre-University/University,20,High,Often,Sometimes,Sometimes,3-5,Often,Low,Yes,Often,Slightly safe,Low,High,Often,more than 5 hours,No,,,
10/31/2025 9:14:43,19,Female,College/Pre-University/University,23,Very High,Often,Sometimes,Sometimes,More than 5,Always,High,Yes,Sometimes,Safe,High,High,Never,more than 5 hours,No,,,
10/31/2025 10:41:32,24,Female,College/Pre-University/University,28,High,Often,Sometimes,Sometimes,More than 5,Often,Low,Not sure,Sometimes,Safe,Low,Low,Sometimes,more than 5 hours,Yes,Verbal,Rarely,"Tell a friend, Fight back or defend myself"
10/31/2025 11:09:34,21,Female,College/Pre-University/University,100,High,Sometimes,Sometimes,Sometimes,1-2,Sometimes,Low,Yes,Sometimes,Safe,Low,High,Sometimes,1-2 hours,No,,,
10/31/2025 13:21:06,23,Female,College/Pre-University/University,50,High,Often,Sometimes,Not at all,More than 5,Sometimes,Very Low,No,Sometimes,Slightly safe,Very High,Low,Sometimes,more than 5 hours,No,,,
10/31/2025 13:30:07,21,Female,College/Pre-University/University,34,Very High,Always,Sometimes,Sometimes,More than 5,Often,High,Yes,Often,Very safe,Low,High,Sometimes,3-5 hours,No,,,
10/31/2025 14:04:44,23,Male,College/Pre-University/University,40,Very High,Sometimes,Sometimes,Not at all,More than 5,Often,High,No,Often,Very safe,Low,Low,Sometimes,more than 5 hours,Yes,Physical,Rarely,"Tell a friend, Ignore it/keep it to myself"
10/31/2025 14:15:39,20,Female,College/Pre-University/University,36,High,Often,Often,Always,3-5,Often,High,Yes,Sometimes,Safe,High,High,Sometimes,3-5 hours,Yes,"Verbal, Relational / Social",Sometimes,"Ignore it/keep it to myself, They will shut up when they realised that they need me (ask me about homework or when teacher ask them but I helped them) because the comments were rooted from jealousy…"
10/31/2025 14:39:13,20,Female,College/Pre-University/University,20,Low,Sometimes,Sometimes,Not at all,1-2,Sometimes,High,Not sure,Often,Safe,High,Low,Often,more than 5 hours,Yes,Relational / Social,Rarely,"Tell a teacher or counsellor, Ignore it/keep it to myself"
10/31/2025 14:43:40,22,Female,College/Pre-University/University,16,High,Often,Sometimes,Sometimes,1-2,Often,High,Not sure,Sometimes,Safe,Low,High,Sometimes,3-5 hours,Yes,Relational / Social,Rarely,"Tell a parent or family member, Ignore it/keep it to myself"
10/31/2025 14:48:52,22,Female,College/Pre-University/University,120,Very High,Always,Sometimes,Sometimes,More than 5,Often,Low,Yes,Often,Safe,High,High,Often,more than 5 hours,No,,,
10/31/2025 14:55:19,22,Female,College/Pre-University/University,150,Very High,Always,Never,Always,3-5,Always,Very High,Yes,Always,Very safe,Low,High,Sometimes,more than 5 hours,No,,,
10/31/2025 14:59:50,21,Female,College/Pre-University/University,40+,High,Often,Often,Not at all,More than 5,Always,High,Yes,Often,Slightly safe,High,High,Often,more than 5 hours,Yes,"Physical, Verbal, Relational / Social",Rarely,"Tell a parent or family member, Tell a friend"
10/31/2025 15:04:50,22,Female,College/Pre-University/University,40,High,Sometimes,Sometimes,Often,More than 5,Often,Low,Not sure,Never,Safe,Low,High,Sometimes,more than 5 hours,No,,,
10/31/2025 15:19:35,21,Male,College/Pre-University/University,50,High,Often,Sometimes,Sometimes,1-2,Sometimes,Low,Yes,Never,Safe,Low,Low,Sometimes,3-5 hours,Yes,"Verbal, Relational / Social",Sometimes,Ignore it/keep it to myself
10/31/2025 15:38:29,25,Female,College/Pre-University/University,22,Very High,Often,Sometimes,Sometimes,More than 5,Often,High,Not sure,Sometimes,Very safe,Low,Very High,Never,more than 5 hours,No,,,
10/31/2025 17:27:42,21,Female,College/Pre-University/University,30,High,Always,Sometimes,Always,3-5,Always,Very High,Yes,Often,Very safe,Low,Very Low,Sometimes,more than 5 hours,No,,,
10/31/2025 17:56:46,17,Female,Secondary School,44,Low,Sometimes,Sometimes,Not at all,3-5,Sometimes,Low,Yes,Sometimes,Safe,High,Low,Sometimes,3-5 hours,Yes,"Physical, Relational / Social",Sometimes,"Tell a teacher or counsellor, Tell a friend, Ignore it/keep it to myself"
10/31/2025 18:03:39,23,Female,College/Pre-University/University,32,High,Always,Sometimes,Sometimes,More than 5,Always,High,No,Sometimes,Safe,Low,Very High,Never,3-5 hours,No,,,
10/31/2025 18:04:45,20,Female,College/Pre-University/University,40,Very High,Always,Sometimes,Often,More than 5,Always,High,Yes,Sometimes,Safe,Very High,High,Sometimes,more than 5 hours,Yes,"Verbal, Cyber",Rarely,"Tell a parent or family member, Tell a friend"
10/31/2025 18:06:05,20,Female,College/Pre-University/University,57,High,Often,Sometimes,Sometimes,3-5,Sometimes,Very High,Not sure,Always,Safe,Low,High,Sometimes,3-5 hours,No,,,
10/31/2025 18:08:38,22,Female,College/Pre-University/University,62,Low,Sometimes,Sometimes,Not at all,3-5,Sometimes,High,Yes,Often,Slightly safe,High,Low,Sometimes,more than 5 hours,Yes,"Verbal, Relational / Social",Rarely,"Tell a friend, Ignore it/keep it to myself"
10/31/2025 18:11:39,22,Female,College/Pre-University/University,40,High,Often,Sometimes,Not at all,More than 5,Sometimes,High,Not sure,Often,Slightly safe,Low,High,Sometimes,3-5 hours,Yes,"Relational / Social, Cyber, Sexual",Sometimes,"Tell a teacher or counsellor, Tell a parent or family member, Tell a friend, Ignore it/keep it to myself, Fight back or defend myself, Post about it online"
10/31/2025 18:19:47,21,Female,College/Pre-University/University,27,Very High,Always,Sometimes,Not at all,3-5,Always,High,Not sure,Never,Safe,Low,High,Sometimes,3-5 hours,No,,,
10/31/2025 18:30:25,21,Female,College/Pre-University/University,100,Very High,Always,Sometimes,Not at all,1-2,Often,High,No,Never,Very safe,High,Very High,Sometimes,more than 5 hours,No,,,
10/31/2025 18:35:55,21,Female,College/Pre-University/University,76,High,Always,Sometimes,Not at all,1-2,Always,High,Yes,Often,Very safe,High,Very High,Never,more than 5 hours,No,,,
10/31/2025 18:48:33,21,Female,College/Pre-University/University,100,High,Often,Sometimes,Often,3-5,Often,High,Not sure,Sometimes,Safe,High,Low,Sometimes,more than 5 hours,No,,,
10/31/2025 19:35:58,20,Female,College/Pre-University/University,130+,High,Often,Sometimes,Often,More than 5,Always,High,Not sure,Sometimes,Safe,High,Low,Sometimes,more than 5 hours,No,,,
10/31/2025 19:51:18,22,Female,College/Pre-University/University,30,High,Often,Sometimes,Sometimes,1-2,Sometimes,Low,Not sure,Never,Safe,Low,Low,Sometimes,3-5 hours,No,,,
10/31/2025 21:30:33,22,Female,College/Pre-University/University,18,Very High,Always,Sometimes,Sometimes,More than 5,Often,High,Yes,Often,Safe,High,High,Never,more than 5 hours,Yes,Verbal,Rarely,"Tell a friend, Ignore it/keep it to myself"
10/31/2025 23:24:35,18,Female,College/Pre-University/University,27,Very High,Always,Sometimes,Always,More than 5,Always,High,Yes,Often,Safe,Very High,Very Low,Sometimes,more than 5 hours,No,,,
10/31/2025 23:24:41,18,Male,College/Pre-University/University,26,Very High,Always,Sometimes,Often,More than 5,Always,Very High,Yes,Often,Safe,Low,High,Sometimes,3-5 hours,No,,,
10/31/2025 23:24:50,18,Male,College/Pre-University/University,28,Very High,Always,Sometimes,Often,More than 5,Always,High,Yes,Sometimes,Safe,High,Very High,Sometimes,more than 5 hours,No,,,
10/31/2025 23:25:58,18,Male,College/Pre-University/University,28,High,Sometimes,Always,Sometimes,3-5,Always,Very High,Yes,Sometimes,Safe,High,High,Sometimes,more than 5 hours,Yes,"Verbal, Relational / Social",Sometimes,"Tell a friend, Ignore it/keep it to myself"
10/31/2025 23:26:08,18,Male,College/Pre-University/University,27,High,Often,Always,Sometimes,1-2,Always,Very High,Yes,Always,Safe,Very High,Low,Always,more than 5 hours,Yes,"Physical, Verbal, Relational / Social, Sexual",Often,Tell a teacher or counsellor
10/31/2025 23:26:28,18,Female,College/Pre-University/University,17,High,Always,Sometimes,Not at all,More than 5,Often,Very High,Yes,Often,Safe,High,High,Never,more than 5 hours,No,,,
10/31/2025 23:26:33,18,Male,College/Pre-University/University,25,Very High,Always,Never,Often,None,Often,High,Yes,Sometimes,Safe,Very Low,High,Sometimes,3-5 hours,No,,,
10/31/2025 23:27:16,18,Female,College/Pre-University/University,20,High,Often,Sometimes,Not at all,1-2,Often,High,Not sure,Sometimes,Very safe,Low,Low,Often,more than 5 hours,Yes,Verbal,Often,Ignore it/keep it to myself
10/31/2025 23:28:19,18,Female,College/Pre-University/University,28,Low,Sometimes,Always,Sometimes,More than 5,Always,Low,Not sure,Never,Safe,High,Low,Sometimes,more than 5 hours,Yes,Verbal,Rarely,Tell a friend
10/31/2025 23:28:39,18,Female,College/Pre-University/University,28,High,Sometimes,Sometimes,Sometimes,3-5,Often,High,No,Always,Safe,High,High,Never,more than 5 hours,No,,,
10/31/2025 23:28:41,18,Female,College/Pre-University/University,21,High,Sometimes,Never,Always,3-5,Always,High,Not sure,Sometimes,Safe,High,Very High,Sometimes,more than 5 hours,No,,,
10/31/2025 23:34:38,18,Female,College/Pre-University/University,20,Very High,Often,Sometimes,Always,More than 5,Always,Very High,Yes,Often,Slightly safe,Very High,High,Sometimes,more than 5 hours,No,,,
10/31/2025 23:34:51,18,Female,College/Pre-University/University,30,High,Always,Often,Sometimes,More than 5,Always,Very High,Yes,Always,Very safe,Low,High,Sometimes,more than 5 hours,No,,,
10/31/2025 23:35:30,18,Female,College/Pre-University/University,21,Very High,Always,Never,Often,More than 5,Always,High,Yes,Always,Safe,Low,High,Sometimes,3-5 hours,No,,,
10/31/2025 23:35:49,18,Female,College/Pre-University/University,22,Very High,Often,Often,Not at all,3-5,Often,High,Not sure,Never,Safe,High,Low,Often,more than 5 hours,No,,,
10/31/2025 23:37:21,18,Female,College/Pre-University/University,lec class300+,Very High,Always,Always,Not at all,1-2,Often,Very Low,Not sure,Sometimes,Slightly safe,High,Low,Sometimes,more than 5 hours,No,,,
10/31/2025 23:37:48,22,Female,College/Pre-University/University,27,High,Always,Sometimes,Sometimes,More than 5,Always,Very High,Yes,Always,Very safe,High,High,Sometimes,more than 5 hours,No,,,
10/31/2025 23:38:09,18,Female,College/Pre-University/University,26,Very High,Always,Never,Sometimes,3-5,Always,High,No,Always,Safe,Low,Low,Never,3-5 hours,No,,,
10/31/2025 23:38:50,18,Female,College/Pre-University/University,24,Very High,Often,Sometimes,Sometimes,More than 5,Always,High,Not sure,Often,Slightly safe,Low,High,Never,more than 5 hours,No,,,
10/31/2025 23:39:21,18,Female,College/Pre-University/University,27,Very High,Always,Sometimes,Sometimes,More than 5,Always,High,Yes,Often,Very safe,High,High,Never,more than 5 hours,No,,,
10/31/2025 23:40:31,18,Female,College/Pre-University/University,Lecture class -300+,High,Sometimes,Sometimes,Sometimes,3-5,Often,Low,Not sure,Sometimes,Safe,High,High,Sometimes,3-5 hours,No,,,
10/31/2025 23:41:40,18,Male,College/Pre-University/University,20,Very High,Always,Sometimes,Always,1-2,Always,Very High,No,Always,Very safe,Low,Very High,Sometimes,more than 5 hours,No,,,
10/31/2025 23:46:17,18,Male,College/Pre-University/University,25,Very High,Always,Sometimes,Sometimes,More than 5,Always,Very High,Yes,Often,Very safe,High,High,Sometimes,3-5 hours,No,,,
10/31/2025 23:54:43,18,Female,College/Pre-University/University,22,Very High,Always,Sometimes,Often,3-5,Often,High,Yes,Often,Safe,High,Very High,Sometimes,more than 5 hours,No,,,
10/31/2025 23:58:41,18,Male,College/Pre-University/University,23,Very Low,Sometimes,Always,Not at all,3-5,Often,High,Not sure,Sometimes,Slightly safe,High,Low,Sometimes,3-5 hours,Yes,"Physical, Verbal",Sometimes,Tell a teacher or counsellor
11/1/2025 12:04:35,24,Female,College/Pre-University/University,20,High,Sometimes,Sometimes,Sometimes,3-5,Often,High,Yes,Always,Safe,High,High,Sometimes,1-2 hours,No,,,
11/1/2025 13:44:12,22,Female,College/Pre-University/University,60 and above ,Very High,Always,Sometimes,Always,3-5,Always,High,Yes,Often,Very safe,High,High,Never,more than 5 hours,No,,,
11/1/2025 14:57:09,25,Male,College/Pre-University/University,40,Very High,Always,Sometimes,Sometimes,3-5,Often,High,Yes,Sometimes,Very safe,Low,High,Never,3-5 hours,Yes,"Physical, Verbal",Rarely,"Tell a teacher or counsellor, Tell a parent or family member, Tell a friend, Fight back or defend myself"
11/1/2025 14:57:43,24,Female,College/Pre-University/University,2-5,Very High,Always,Sometimes,Sometimes,1-2,Often,Very High,Not sure,Never,Safe,High,High,Never,3-5 hours,Yes,"Verbal, Relational / Social",Sometimes,"Tell a parent or family member, Tell a friend"
11/1/2025 16:17:22,34,Male,College/Pre-University/University,30,High,Often,Often,Always,More than 5,Often,High,No,Sometimes,Safe,High,Low,Sometimes,3-5 hours,Yes,"Physical, Verbal, Relational / Social, Cyber",Sometimes,Ignore it/keep it to myself
11/1/2025 19:13:17,22,Female,College/Pre-University/University,100,High,Sometimes,Sometimes,Sometimes,More than 5,Often,High,Not sure,Sometimes,Slightly safe,Low,High,Sometimes,more than 5 hours,No,,,
11/1/2025 19:17:51,22,Female,College/Pre-University/University,150,Very High,Always,Sometimes,Sometimes,More than 5,Always,High,Yes,Often,Safe,Low,High,Never,more than 5 hours,No,,,
11/1/2025 19:39:23,22,Female,College/Pre-University/University,around 100,Very High,Sometimes,Sometimes,Not at all,3-5,Often,Low,Yes,Sometimes,Safe,High,Low,Sometimes,3-5 hours,No,,,
11/1/2025 19:50:24,22,Female,College/Pre-University/University,50-150,High,Sometimes,Sometimes,Not at all,3-5,Sometimes,High,Not sure,Sometimes,Safe,Low,Very Low,Sometimes,more than 5 hours,No,,,
11/1/2025 19:55:45,22,Female,College/Pre-University/University,8,High,Often,Often,Sometimes,3-5,Sometimes,Low,Yes,Sometimes,Slightly safe,High,Low,Sometimes,more than 5 hours,Yes,Relational / Social,Sometimes,Tell a parent or family member
11/1/2025 21:10:20,19,Female,College/Pre-University/University,14,High,Often,Sometimes,Not at all,3-5,Sometimes,Low,No,Never,Not safe at all,Very Low,Very Low,Often,1-2 hours,Yes,Physical,Sometimes,Ignore it/keep it to myself
11/1/2025 21:12:41,18,Female,Secondary School,33,High,Always,Often,Often,More than 5,Always,Low,Yes,Often,Not safe at all,High,High,Sometimes,more than 5 hours,Yes,Physical,Rarely,"Tell a teacher or counsellor, Tell a friend"
11/1/2025 21:45:55,22,Female,College/Pre-University/University,15,Very High,Always,Sometimes,Not at all,1-2,Often,Very High,Yes,Often,Very safe,Low,High,Sometimes,3-5 hours,No,,,
11/1/2025 22:07:10,22,Female,College/Pre-University/University,130,Very High,Always,Sometimes,Sometimes,3-5,Always,High,Not sure,Never,Slightly safe,Very High,Low,Never,more than 5 hours,No,,,
11/2/2025 12:31:12,23,Female,College/Pre-University/University,80,Very High,Often,Sometimes,Sometimes,More than 5,Sometimes,High,Yes,Sometimes,Safe,Low,Very High,Sometimes,more than 5 hours,No,,,
11/2/2025 13:56:39,22,Female,College/Pre-University/University,30,Low,Sometimes,Sometimes,Sometimes,1-2,Sometimes,Low,Not sure,Often,Safe,Very High,High,Sometimes,more than 5 hours,No,,,
11/2/2025 19:33:40,21,Female,College/Pre-University/University,100,Low,Sometimes,Sometimes,Not at all,3-5,Sometimes,High,Yes,Often,Safe,Low,Low,Sometimes,more than 5 hours,No,,,
11/2/2025 20:55:08,22,Male,College/Pre-University/University,14,Low,Sometimes,Often,Not at all,3-5,Often,Low,Yes,Sometimes,Slightly safe,High,Very Low,Sometimes,more than 5 hours,No,,,
11/2/2025 23:37:26,24,Male,College/Pre-University/University,30,Very High,Often,Sometimes,Sometimes,3-5,Often,High,Yes,Sometimes,Safe,Low,Low,Sometimes,more than 5 hours,No,,,
11/3/2025 11:58:27,25,Female,Secondary School,73,High,Always,Sometimes,Sometimes,3-5,Sometimes,High,Yes,Sometimes,Very safe,High,Very High,Sometimes,more than 5 hours,No,,,
11/3/2025 12:51:27,23,Female,College/Pre-University/University,60,Very High,Always,Sometimes,Sometimes,3-5,Often,Very High,Not sure,Often,Safe,Low,Low,Sometimes,more than 5 hours,No,,,
11/3/2025 13:54:44,22,Female,College/Pre-University/University,50,Very High,Always,Sometimes,Often,1-2,Always,High,Yes,Sometimes,Slightly safe,High,Very High,Never,more than 5 hours,No,,,
11/3/2025 14:03:56,18,Male,College/Pre-University/University,22,High,Often,Often,Not at all,3-5,Always,High,Not sure,Sometimes,Safe,Very High,Very Low,Always,more than 5 hours,Yes,"Verbal, Sexual",Sometimes,"Tell a friend, Ignore it/keep it to myself"
11/3/2025 15:53:39,25,Female,College/Pre-University/University,35,High,Sometimes,Sometimes,Not at all,1-2,Sometimes,High,No,Never,Safe,High,High,Sometimes,more than 5 hours,No,,,
11/3/2025 16:38:07,21,Female,College/Pre-University/University,72,Very High,Always,Sometimes,Not at all,More than 5,Often,High,Yes,Often,Safe,High,High,Sometimes,3-5 hours,No,,,
11/3/2025 17:23:22,18,Female,College/Pre-University/University,36,High,Always,Often,Always,1-2,Often,High,Not sure,Often,Safe,High,High,Sometimes,more than 5 hours,Yes,Verbal,Sometimes,Tell a friend
11/3/2025 19:54:42,25,Female,College/Pre-University/University,15,High,Always,Sometimes,Sometimes,3-5,Sometimes,High,Not sure,Often,Safe,Low,Very Low,Sometimes,3-5 hours,No,,,
11/3/2025 20:19:06,19,Female,College/Pre-University/University,100,Very High,Often,Sometimes,Often,1-2,Sometimes,High,Yes,Always,Safe,High,Low,Sometimes,more than 5 hours,No,,,
11/3/2025 20:19:18,20,Female,College/Pre-University/University,45,High,Often,Sometimes,Sometimes,More than 5,Always,Low,Not sure,Sometimes,Safe,Low,High,Sometimes,3-5 hours,No,,,
11/3/2025 20:19:21,19,Female,College/Pre-University/University,100,High,Often,Sometimes,Sometimes,3-5,Often,Low,No,Sometimes,Slightly safe,Low,High,Sometimes,more than 5 hours,No,,,
11/3/2025 22:06:00,20,Female,College/Pre-University/University,60,High,Sometimes,Sometimes,Sometimes,1-2,Often,High,No,Sometimes,Safe,High,Low,Sometimes,more than 5 hours,No,,,
11/3/2025 22:07:23,20,Female,College/Pre-University/University,60,Very High,Always,Sometimes,Not at all,More than 5,Always,High,No,Sometimes,Safe,Very High,Low,Sometimes,more than 5 hours,Yes,Cyber,Rarely,"Tell a friend, Ignore it/keep it to myself"
11/3/2025 22:08:17,20,Female,College/Pre-University/University,30,Very High,Sometimes,Sometimes,Not at all,More than 5,Sometimes,Low,No,Sometimes,Slightly safe,Low,High,Sometimes,more than 5 hours,Yes,"Physical, Verbal, Sexual",Sometimes,"Tell a parent or family member, Ignore it/keep it to myself, Fight back or defend myself"
11/3/2025 22:12:43,21,Male,College/Pre-University/University,60,Very High,Often,Never,Not at all,3-5,Sometimes,Low,Not sure,Sometimes,Safe,Low,High,Sometimes,more than 5 hours,No,,,
11/3/2025 22:13:32,19,Male,College/Pre-University/University,60,Very High,Always,Never,Often,3-5,Always,High,Yes,Sometimes,Slightly safe,Very Low,Very High,Never,more than 5 hours,Yes,Relational / Social,Rarely,"Tell a teacher or counsellor, Tell a parent or family member, Tell a friend, Fight back or defend myself"
11/3/2025 22:14:14,19,Male,College/Pre-University/University,200,High,Never,Never,Sometimes,3-5,Sometimes,Very Low,Yes,Often,Safe,High,Very Low,Often,3-5 hours,No,,,
11/3/2025 22:14:49,21,Male,College/Pre-University/University,50,Very High,Sometimes,Sometimes,Not at all,More than 5,Always,Low,Yes,Never,Safe,Low,High,Never,more than 5 hours,No,,,
11/3/2025 23:10:14,21,Male,College/Pre-University/University,150,High,Sometimes,Sometimes,Not at all,1-2,Often,Low,No,Sometimes,Safe,High,High,Sometimes,3-5 hours,No,,,
11/4/2025 0:40:58,21,Female,College/Pre-University/University,23,High,Sometimes,Often,Often,3-5,Sometimes,High,Yes,Sometimes,Safe,High,High,Sometimes,3-5 hours,No,,,
11/4/2025 11:34:16,21,Female,College/Pre-University/University,40,Very High,Always,Sometimes,Not at all,More than 5,Always,High,Yes,Often,Safe,Low,Very High,Never,more than 5 hours,No,,,
11/4/2025 14:21:19,19,Female,College/Pre-University/University,16,Very High,Often,Sometimes,Sometimes,More than 5,Often,High,Not sure,Always,Very safe,Low,Low,Sometimes,more than 5 hours,No,,,
11/4/2025 15:02:26,23,Female,College/Pre-University/University,40,Very High,Always,Sometimes,Sometimes,More than 5,Always,Very High,Not sure,Often,Very safe,High,Low,Never,more than 5 hours,No,,,
11/4/2025 15:02:29,21,Female,College/Pre-University/University,70,High,Often,Sometimes,Often,3-5,Always,High,No,Sometimes,Safe,Low,High,Sometimes,3-5 hours,No,,,
11/4/2025 15:10:34,25,Female,College/Pre-University/University,25,Very High,Often,Sometimes,Not at all,3-5,Often,High,No,Often,Safe,High,High,Sometimes,more than 5 hours,No,,,
11/4/2025 17:17:18,23,Female,College/Pre-University/University,120➕,High,Often,Sometimes,Sometimes,3-5,Often,High,Yes,Always,Safe,Very High,Low,Sometimes,more than 5 hours,No,,,
11/4/2025 17:22:04,19,Female,College/Pre-University/University,40,Very High,Always,Never,Sometimes,More than 5,Often,Very High,Not sure,Sometimes,Safe,Low,High,Sometimes,3-5 hours,No,,,
11/5/2025 2:17:39,21,Female,College/Pre-University/University,10,High,Often,Sometimes,Sometimes,None,Often,Low,Yes,Sometimes,Safe,Low,Very Low,Sometimes,3-5 hours,No,,,
11/5/2025 12:23:40,23,Male,College/Pre-University/University,50,Very High,Always,Never,Sometimes,More than 5,Always,Very High,Yes,Always,Very safe,Low,High,Never,more than 5 hours,No,,,
11/5/2025 16:49:30,21,Female,College/Pre-University/University,10,High,Often,Sometimes,Sometimes,3-5,Often,High,Yes,Often,Slightly safe,High,Low,Never,more than 5 hours,No,,,
11/5/2025 20:16:36,27,Female,Secondary School,52,Low,Often,Sometimes,Often,3-5,Sometimes,High,No,Sometimes,Safe,High,Low,Sometimes,1-2 hours,Yes,"Physical, Cyber",Sometimes,"Tell a parent or family member, Tell a friend, Ignore it/keep it to myself"
11/6/2025 12:39:41,21,Female,College/Pre-University/University,Not certain quantity,High,Often,Sometimes,Sometimes,3-5,Often,High,Not sure,Often,Safe,High,High,Often,more than 5 hours,Yes,"Verbal, Relational / Social, Cyber",Rarely,Ignore it/keep it to myself
11/6/2025 14:54:47,21,Male,College/Pre-University/University,49,High,Often,Sometimes,Not at all,3-5,Often,Low,Not sure,Sometimes,Safe,High,High,Sometimes,3-5 hours,Yes,Verbal,Rarely,Ignore it/keep it to myself
11/6/2025 22:17:20,22,Female,College/Pre-University/University,20,High,Sometimes,Sometimes,Not at all,1-2,Sometimes,Low,Not sure,Never,Slightly safe,High,Low,Sometimes,more than 5 hours,No,,,
11/6/2025 22:20:00,18,Female,College/Pre-University/University,20,Low,Sometimes,Often,Not at all,3-5,Sometimes,Low,Yes,Sometimes,Safe,High,Low,Often,3-5 hours,No,,,
11/6/2025 22:24:18,19,Female,Secondary School,20,High,Never,Often,Sometimes,More than 5,Often,High,Yes,Sometimes,Slightly safe,High,Low,Sometimes,more than 5 hours,Yes,"Verbal, Relational / Social",Rarely,"Tell a friend, Fight back or defend myself"
11/6/2025 22:32:10,17,Female,Secondary School,24,High,Sometimes,Sometimes,Not at all,1-2,Sometimes,Very High,Yes,Sometimes,Safe,Very High,Low,Always,more than 5 hours,Yes,"Verbal, Relational / Social",Sometimes,"Tell a teacher or counsellor, Tell a friend"
11/6/2025 23:33:04,17,Female,Secondary School,37,High,Sometimes,Sometimes,Not at all,1-2,Sometimes,High,Yes,Sometimes,Safe,High,Low,Often,more than 5 hours,Yes,"Verbal, Sexual",Rarely,Ignore it/keep it to myself
11/6/2025 23:56:11,17,Female,Secondary School,28,Low,Never,Sometimes,Not at all,3-5,Often,Low,No,Sometimes,Slightly safe,High,Low,Never,more than 5 hours,Yes,"Verbal, Relational / Social",Often,Tell a friend
11/7/2025 0:27:38,17,Female,Secondary School,29,High,Always,Sometimes,Not at all,1-2,Always,Low,No,Never,Slightly safe,High,Low,Often,3-5 hours,Yes,"Verbal, Relational / Social",Sometimes,"Tell a friend, Ignore it/keep it to myself"
11/9/2025 21:57:55,21,Male,College/Pre-University/University,30,Low,Sometimes,Sometimes,Sometimes,1-2,Sometimes,High,Not sure,Sometimes,Safe,Low,Low,Sometimes,3-5 hours,Yes,Relational / Social,Sometimes,Tell a friend
11/9/2025 22:00:04,21,Male,College/Pre-University/University,50,Very High,Always,Never,Sometimes,More than 5,Always,Very High,Yes,Often,Very safe,Very High,Very High,Sometimes,more than 5 hours,No,,,
11/9/2025 22:00:20,19,Female,College/Pre-University/University,23,Very High,Never,Sometimes,Sometimes,More than 5,Always,Low,Not sure,Sometimes,Not safe at all,Very High,Low,Sometimes,3-5 hours,No,,,
11/9/2025 22:23:30,20,Female,College/Pre-University/University,80,High,Often,Often,Sometimes,1-2,Often,Low,Not sure,Sometimes,Safe,High,High,Sometimes,3-5 hours,No,,,
11/9/2025 22:31:48,17,Female,Secondary School,28,Low,Sometimes,Sometimes,Not at all,More than 5,Sometimes,High,Not sure,Always,Safe,Low,High,Sometimes,more than 5 hours,No,,,
11/9/2025 22:50:42,20,Female,College/Pre-University/University,52,High,Often,Sometimes,Often,More than 5,Always,Very High,Not sure,Always,Safe,High,Low,Sometimes,more than 5 hours,No,,,
11/10/2025 0:15:39,18,Female,Secondary School,50,High,Always,Sometimes,Not at all,More than 5,Always,Very High,Yes,Always,Very safe,Low,Very High,Sometimes,3-5 hours,No,,,
11/10/2025 1:12:36,27,Male,College/Pre-University/University,Around 20+,High,Always,Sometimes,Sometimes,3-5,Always,High,Not sure,Sometimes,Slightly safe,High,Low,Sometimes,more than 5 hours,No,,,
11/10/2025 14:48:46,21,Female,College/Pre-University/University,50,Low,Sometimes,Often,Not at all,More than 5,Always,Very Low,Not sure,Sometimes,Safe,High,High,Sometimes,1-2 hours,No,,,
11/10/2025 14:54:05,21,Male,College/Pre-University/University,50,Very High,Sometimes,Never,Sometimes,More than 5,Often,High,Not sure,Sometimes,Safe,Very Low,High,Sometimes,more than 5 hours,Yes,"Verbal, Cyber",Rarely,Take some time to be alone
11/10/2025 14:56:28,22,Male,College/Pre-University/University,60,Very High,Often,Never,Sometimes,More than 5,Always,High,Yes,Sometimes,Safe,High,Low,Often,more than 5 hours,Yes,"Verbal, Relational / Social",Rarely,"Ignore it/keep it to myself, Post about it online"
11/10/2025 14:56:48,23,Male,College/Pre-University/University,37,High,Often,Sometimes,Sometimes,More than 5,Often,High,Not sure,Sometimes,Safe,Low,High,Sometimes,more than 5 hours,Yes,"Verbal, Relational / Social, Cyber",Sometimes,"Tell a friend, Ignore it/keep it to myself, Fight back or defend myself"
11/10/2025 15:10:50,21,Male,College/Pre-University/University,120,Very High,Often,Sometimes,Sometimes,More than 5,Often,High,No,Never,Very safe,High,Very High,Sometimes,3-5 hours,Yes,Verbal,Rarely,"Tell a parent or family member, Tell a friend, Ignore it/keep it to myself, Fight back or defend myself"
11/10/2025 15:14:38,21,Male,Secondary School,28,High,Sometimes,Sometimes,Sometimes,3-5,Often,High,Not sure,Sometimes,Safe,High,Low,Often,1-2 hours,Yes,"Physical, Verbal",Sometimes,"Tell a friend, Ignore it/keep it to myself"
11/10/2025 15:32:34,21,Male,College/Pre-University/University,30,Very High,Often,Sometimes,Often,More than 5,Always,High,No,Never,Safe,Low,High,Sometimes,more than 5 hours,Yes,"Physical, Verbal",Rarely,"Tell a parent or family member, Tell a friend, Fight back or defend myself"
11/10/2025 16:13:41,21,Female,College/Pre-University/University,200,High,Often,Sometimes,Often,3-5,Always,High,Not sure,Sometimes,Safe,High,Low,Never,1-2 hours,No,,,
11/10/2025 16:32:41,22,Male,College/Pre-University/University,50,High,Sometimes,Often,Not at all,More than 5,Always,High,No,Sometimes,Slightly safe,Very High,Low,Sometimes,more than 5 hours,No,,,
11/11/2025 10:36:23,22,Female,College/Pre-University/University,102,High,Sometimes,Often,Not at all,3-5,Often,Very High,Not sure,Often,Safe,High,Low,Never,more than 5 hours,Yes,Verbal,Rarely,"Tell a teacher or counsellor, Tell a parent or family member, Tell a friend"
11/11/2025 18:38:44,23,Female,College/Pre-University/University,41,High,Always,Sometimes,Sometimes,3-5,Often,High,No,Sometimes,Safe,High,Low,Sometimes,more than 5 hours,No,,,
11/12/2025 22:50:03,21,Female,College/Pre-University/University,47,High,Often,Sometimes,Sometimes,3-5,Often,High,Not sure,Never,Slightly safe,Low,Low,Sometimes,more than 5 hours,Yes,Verbal,Rarely,"Tell a teacher or counsellor, Tell a parent or family member"
11/17/2025 14:56:46,22,Male,College/Pre-University/University,40,High,Often,Often,Often,More than 5,Always,Very High,Not sure,Always,Very safe,Very High,Very High,Always,more than 5 hours,Yes,"Physical, Verbal",Often,Ignore it/keep it to myself
11/17/2025 15:15:06,20,Female,College/Pre-University/University,74,High,Sometimes,Sometimes,Sometimes,3-5,Sometimes,High,Yes,Often,Slightly safe,Low,High,Sometimes,3-5 hours,No,,,
11/17/2025 15:18:23,19,Female,College/Pre-University/University,23,High,Always,Sometimes,Always,More than 5,Always,High,Not sure,Sometimes,Safe,High,High,Sometimes,more than 5 hours,Yes,Verbal,Rarely,Fight back or defend myself
11/17/2025 15:19:32,19,Female,College/Pre-University/University,23,Very High,Always,Sometimes,Always,3-5,Always,High,No,Sometimes,Safe,Low,High,Sometimes,more than 5 hours,No,,,
11/21/2025 13:32:36,19,Male,College/Pre-University/University,30,Very High,Always,Sometimes,Sometimes,More than 5,Always,High,Not sure,Sometimes,Very safe,High,High,Sometimes,3-5 hours,No,,,
11/22/2025 2:33:15,19,Female,College/Pre-University/University,23,High,Often,Often,Not at all,3-5,Always,High,Not sure,Always,Safe,Low,High,Sometimes,more than 5 hours,No,,,
11/22/2025 4:00:31,19,Male,College/Pre-University/University,23,Very High,Sometimes,Sometimes,Sometimes,3-5,Often,Very Low,Not sure,Never,Not safe at all,Low,Low,Sometimes,more than 5 hours,No,,,
11/22/2025 10:37:40,19,Female,College/Pre-University/University,23,High,Always,Sometimes,Sometimes,3-5,Often,High,Not sure,Sometimes,Safe,Low,High,Sometimes,more than 5 hours,No,,,
11/22/2025 12:19:06,19,Female,College/Pre-University/University,23,Very High,Always,Sometimes,Not at all,More than 5,Always,High,Not sure,Often,Safe,Low,High,Never,more than 5 hours,No,,,
11/22/2025 13:18:01,19,Female,College/Pre-University/University,23,High,Always,Sometimes,Sometimes,More than 5,Always,High,Not sure,Often,Safe,Low,High,Often,more than 5 hours,Yes,Verbal,Rarely,Ignore it/keep it to myself
11/24/2025 17:47:57,19,Female,College/Pre-University/University,12,High,Always,Sometimes,Sometimes,1-2,Sometimes,High,Yes,Often,Safe,Low,High,Sometimes,3-5 hours,No,,,
11/24/2025 17:51:43,17tahun,Female,Primary School,24,Very High,Always,Always,Often,More than 5,Always,Very High,Yes,Always,Very safe,Very Low,High,Sometimes,1-2 hours,No,,,
11/24/2025 18:11:30,18,Female,Secondary School,41,High,Sometimes,Sometimes,Not at all,More than 5,Always,High,Not sure,Sometimes,Safe,Low,High,Sometimes,more than 5 hours,Yes,"Verbal, Relational / Social, Cyber, Sexual",Sometimes,"Tell a friend, Ignore it/keep it to myself, Fight back or defend myself"
11/24/2025 18:13:58,14,Female,Secondary School,42,High,Sometimes,Sometimes,Not at all,1-2,Often,Low,No,Sometimes,Very safe,High,High,Often,3-5 hours,Yes,"Relational / Social, Cyber",Often,"Tell a parent or family member, Tell a friend"
11/24/2025 19:25:32,21,Male,College/Pre-University/University,300+,High,Often,Sometimes,Sometimes,More than 5,Often,High,Not sure,Sometimes,Safe,Low,High,Sometimes,more than 5 hours,No,,,
11/24/2025 19:28:59,21,Female,College/Pre-University/University,30,Low,Sometimes,Sometimes,Not at all,1-2,Sometimes,Low,Yes,Sometimes,Safe,High,Low,Sometimes,more than 5 hours,No,,,
11/24/2025 20:03:26,17,Female,Primary School,19,High,Always,Always,Always,More than 5,Always,Very High,Not sure,Always,Very safe,Very High,Very High,Always,more than 5 hours,No,,,
11/24/2025 20:06:41,17,Female,Secondary School,17,High,Sometimes,Sometimes,Often,More than 5,Always,High,Not sure,Often,Safe,High,Low,Sometimes,more than 5 hours,No,,,
11/24/2025 20:06:41,17,Female,Secondary School,24,High,Sometimes,Sometimes,Sometimes,More than 5,Always,High,Not sure,Often,Safe,Low,Low,Sometimes,more than 5 hours,No,,,
11/24/2025 20:06:44,17,Male,Secondary School,28,Very High,Always,Sometimes,Always,More than 5,Always,Very Low,No,Sometimes,Slightly safe,Very Low,Very High,Often,3-5 hours,Yes,Physical,Often,Tell a parent or family member
11/24/2025 20:06:59,17,Male,Secondary School,27,High,Often,Sometimes,Sometimes,1-2,Often,Very High,Yes,Sometimes,Safe,Low,Very High,Often,more than 5 hours,No,,,
11/24/2025 20:07:01,17,Male,Secondary School,24,High,Sometimes,Sometimes,Not at all,3-5,Always,High,Yes,Sometimes,Not safe at all,High,Low,Sometimes,1-2 hours,No,,,
11/24/2025 20:08:20,17,Male,Secondary School,27,Low,Sometimes,Never,Sometimes,More than 5,Often,High,No,Sometimes,Very safe,Low,High,Never,more than 5 hours,No,,,
11/24/2025 20:08:59,17,Male,Secondary School,27,Low,Sometimes,Sometimes,Often,1-2,Often,High,Yes,Often,Slightly safe,High,Low,Often,3-5 hours,Yes,Relational / Social,Often,Fight back or defend myself
11/24/2025 20:09:51,17,Male,Secondary School,27,High,Never,Sometimes,Not at all,3-5,Sometimes,High,Yes,Sometimes,Safe,Low,High,Sometimes,3-5 hours,No,,,
11/24/2025 20:10:21,17,Male,Secondary School,26,Very High,Always,Never,Sometimes,3-5,Often,Very High,Yes,Sometimes,Very safe,Low,High,Sometimes,3-5 hours,No,,,
11/24/2025 20:11:38,17,Male,Secondary School,24,High,Often,Sometimes,Always,3-5,Often,Very High,Yes,Often,Very safe,Low,High,Sometimes,3-5 hours,No,,,
11/24/2025 20:12:14,22,Female,College/Pre-University/University,25,Very High,Always,Sometimes,Sometimes,More than 5,Often,High,Not sure,Never,Safe,High,High,Never,1-2 hours,Yes,"Verbal, Relational / Social",Rarely,"Tell a parent or family member, Fight back or defend myself"
11/24/2025 20:13:33,17,Male,Secondary School,24,Very High,Often,Sometimes,Sometimes,More than 5,Always,Very High,Yes,Always,Safe,High,High,Never,more than 5 hours,No,,,
11/24/2025 20:16:57,17,Female,Secondary School,24,High,Always,Never,Sometimes,3-5,Often,High,Not sure,Always,Safe,Low,High,Sometimes,3-5 hours,No,,,
11/24/2025 20:17:02,17,Male,Secondary School,24,Very High,Always,Never,Always,More than 5,Always,Very High,Yes,Sometimes,Safe,Very Low,High,Never,1-2 hours,No,,,
11/24/2025 20:17:22,17,Male,Secondary School,30,High,Sometimes,Sometimes,Often,More than 5,Often,High,Yes,Sometimes,Very safe,Low,High,Sometimes,1-2 hours,No,,,
11/24/2025 20:17:28,22,Female,College/Pre-University/University,25,High,Sometimes,Sometimes,Sometimes,1-2,Often,High,Yes,Never,Safe,High,Low,Sometimes,3-5 hours,No,,,
11/24/2025 20:20:05,17,Female,Secondary School,25,High,Often,Often,Often,1-2,Always,High,Yes,Always,Safe,Low,Low,Never,3-5 hours,No,,,
11/24/2025 20:20:50,17,Female,Secondary School,25,High,Sometimes,Sometimes,Sometimes,1-2,Often,High,Not sure,Sometimes,Slightly safe,High,High,Sometimes,3-5 hours,Yes,"Physical, Cyber",Sometimes,Ignore it/keep it to myself
11/24/2025 20:26:11,21,Female,College/Pre-University/University,170,High,Sometimes,Sometimes,Not at all,More than 5,Sometimes,High,Yes,Never,Safe,Low,High,Never,more than 5 hours,No,,,
11/24/2025 20:32:44,17,Female,Secondary School,7,High,Often,Sometimes,Sometimes,3-5,Always,Very High,Yes,Always,Safe,High,Low,Often,3-5 hours,Yes,"Verbal, Sexual",Rarely,"Tell a teacher or counsellor, Tell a parent or family member, Tell a friend, Ignore it/keep it to myself, Fight back or defend myself"
11/24/2025 21:13:20,21,Male,College/Pre-University/University,300,Very High,Often,Sometimes,Not at all,More than 5,Always,Low,Not sure,Never,Safe,High,High,Sometimes,1-2 hours,No,,,
11/24/2025 21:25:14,16,Female,Secondary School,29,Very High,Always,Always,Always,More than 5,Always,High,Yes,Always,Very safe,Very Low,High,Never,more than 5 hours,No,,,
11/25/2025 0:10:40,21,Female,College/Pre-University/University,15,High,Often,Sometimes,Sometimes,3-5,Often,High,Not sure,Often,Safe,Low,High,Sometimes,more than 5 hours,No,,,
11/25/2025 7:22:24,21,Male,College/Pre-University/University,22,High,Often,Sometimes,Sometimes,More than 5,Often,High,Not sure,Sometimes,Safe,High,High,Sometimes,more than 5 hours,No,,,
11/25/2025 8:52:58,23,Female,Primary School,30,Very High,Always,Never,Sometimes,3-5,Always,Very High,Yes,Sometimes,Slightly safe,Very High,Low,Often,more than 5 hours,Yes,Verbal,Always,Fight back or defend myself
11/25/2025 8:58:42,28,Female,College/Pre-University/University,30,High,Always,Sometimes,Always,More than 5,Always,High,Yes,Always,Safe,Low,High,Sometimes,3-5 hours,No,,,
11/25/2025 12:20:36,21,Female,College/Pre-University/University,30,High,Sometimes,Sometimes,Sometimes,1-2,Often,High,Not sure,Sometimes,Slightly safe,High,Very Low,Sometimes,more than 5 hours,No,,,
11/25/2025 13:06:58,21,Male,College/Pre-University/University,15,Very High,Always,Sometimes,Sometimes,1-2,Sometimes,High,Yes,Sometimes,Very safe,Low,High,Never,more than 5 hours,Yes,Verbal,Rarely,Ignore it/keep it to myself
11/25/2025 13:28:02,21,Male,College/Pre-University/University,150,Very High,Always,Sometimes,Sometimes,3-5,Often,High,Not sure,Often,Very safe,High,High,Never,3-5 hours,No,,,
11/26/2025 16:35:40,17,Female,Primary School,35,High,Never,Sometimes,Often,More than 5,Always,Low,No,Often,Not safe at all,Low,Low,Never,more than 5 hours,No,,,
11/26/2025 16:36:02,17,Male,Secondary School,33,Very High,Sometimes,Never,Often,More than 5,Always,High,Yes,Often,Safe,Low,High,Never,more than 5 hours,No,,,
11/26/2025 16:36:40,17,Female,Secondary School,33,Very High,Sometimes,Sometimes,Sometimes,More than 5,Often,High,Not sure,Sometimes,Slightly safe,Low,Low,Sometimes,more than 5 hours,No,,,
11/26/2025 16:37:33,17,Female,Secondary School,33,High,Never,Never,Sometimes,More than 5,Always,Low,Not sure,Sometimes,Very safe,High,High,Sometimes,more than 5 hours,No,,,
11/26/2025 16:38:50,17,Female,Secondary School,29,Low,Sometimes,Often,Sometimes,3-5,Often,High,No,Always,Safe,High,Low,Sometimes,more than 5 hours,No,,,
11/26/2025 16:40:20,18,Male,Secondary School,33,Low,Always,Sometimes,Sometimes,1-2,Sometimes,Very High,Not sure,Sometimes,Safe,Low,Low,Never,3-5 hours,No,,,
11/26/2025 16:42:10,17,Male,Secondary School,33,High,Often,Sometimes,Sometimes,3-5,Often,High,Not sure,Sometimes,Safe,Low,High,Never,1-2 hours,No,,,
11/26/2025 16:57:25,Tan Yu Harng,Male,Secondary School,32,Low,Never,Sometimes,Not at all,3-5,Sometimes,Low,Yes,Sometimes,Slightly safe,Low,Low,Sometimes,more than 5 hours,Yes,Physical,Sometimes,Tell a friend
11/26/2025 17:12:14,17,Female,Secondary School,32,Very High,Often,Never,Not at all,More than 5,Always,High,Yes,Often,Very safe,Low,Very High,Never,more than 5 hours,No,,,
11/26/2025 17:13:26,27,Female,College/Pre-University/University,6,Very High,Sometimes,Sometimes,Sometimes,More than 5,Sometimes,High,Yes,Never,Very safe,High,High,Sometimes,3-5 hours,No,,,
11/26/2025 17:14:22,17,Male,Secondary School,32,High,Sometimes,Sometimes,Sometimes,More than 5,Sometimes,Very High,Yes,Often,Safe,High,Very Low,Sometimes,more than 5 hours,No,,,
11/26/2025 17:14:32,17,Female,Secondary School,30,Very High,Sometimes,Sometimes,Often,More than 5,Often,High,Not sure,Often,Very safe,High,High,Never,more than 5 hours,No,,,
11/26/2025 17:16:35,17,Female,Secondary School,32,Very High,Always,Never,Not at all,More than 5,Always,High,Yes,Sometimes,Very safe,Very Low,Very High,Never,3-5 hours,No,,,
11/26/2025 17:17:52,17,Male,Secondary School,32,Very High,Always,Never,Sometimes,More than 5,Always,Very High,Yes,Often,Very safe,High,Very High,Never,1-2 hours,No,,,
11/26/2025 17:17:59,17,Male,Secondary School,32,Very High,Always,Never,Always,More than 5,Always,Very High,No,Always,Very safe,Very Low,Very High,Never,1-2 hours,No,,,
11/26/2025 17:18:33,17,Male,Secondary School,32,Low,Never,Always,Not at all,None,Sometimes,Low,No,Sometimes,Safe,High,Very Low,Sometimes,more than 5 hours,No,,,
11/26/2025 18:11:19,17,Female,Secondary School,24,High,Always,Sometimes,Not at all,1-2,Always,High,Yes,Sometimes,Safe,Low,High,Sometimes,3-5 hours,No,,,
11/26/2025 18:12:22,19,Female,College/Pre-University/University,17,High,Often,Often,Sometimes,More than 5,Always,High,Not sure,Often,Safe,Low,Low,Never,3-5 hours,No,,,
11/26/2025 18:14:32,17,Female,Primary School,19,Very High,Always,Always,Always,More than 5,Always,Very High,Not sure,Always,Very safe,Very High,Very High,Always,more than 5 hours,No,,,
11/26/2025 18:40:09,17,Female,Secondary School,24,Very High,Always,Sometimes,Sometimes,1-2,Sometimes,High,No,Often,Safe,High,High,Sometimes,more than 5 hours,No,,,
11/26/2025 18:40:40,20,Female,College/Pre-University/University,23,High,Often,Sometimes,Always,3-5,Often,High,Yes,Sometimes,Safe,Very High,Low,Sometimes,more than 5 hours,Yes,Verbal,Often,Ignore it/keep it to myself
11/26/2025 18:40:44,20 years old ,Female,College/Pre-University/University,23 students,Very High,Always,Sometimes,Sometimes,3-5,Often,Very High,Not sure,Often,Very safe,High,High,Sometimes,more than 5 hours,No,,,
11/26/2025 18:40:59,20,Female,College/Pre-University/University,23,High,Often,Often,Not at all,1-2,Often,High,Not sure,Sometimes,Safe,High,Low,Often,more than 5 hours,Yes,"Verbal, Relational / Social",Often,"Tell a friend, Fight back or defend myself"
11/26/2025 18:41:40,17,Female,Secondary School,24,High,Often,Never,Sometimes,More than 5,Sometimes,High,Yes,Always,Safe,Low,High,Sometimes,1-2 hours,No,,,
11/27/2025 14:04:40,17,Female,Secondary School,52,High,Often,Sometimes,Not at all,1-2,Often,High,Not sure,Often,Safe,High,Low,Sometimes,more than 5 hours,Yes,"Verbal, Cyber",Rarely,"Tell a teacher or counsellor, Tell a parent or family member, Tell a friend, Post about it online"
11/27/2025 14:12:25,17,Female,Secondary School,56,High,Often,Sometimes,Not at all,3-5,Often,Low,No,Sometimes,Safe,Very High,Low,Sometimes,3-5 hours,No,,,
11/27/2025 16:06:24,16,Male,Secondary School,30,High,Often,Sometimes,Sometimes,1-2,Sometimes,High,Not sure,Sometimes,Safe,Low,Low,Sometimes,more than 5 hours,No,,,
11/27/2025 16:07:20,17,Female,Secondary School,31,Very High,Always,Never,Sometimes,More than 5,Always,Very High,Yes,Always,Very safe,Low,High,Never,more than 5 hours,No,,,
11/27/2025 16:11:24,16,Male,Secondary School,30,Very High,Always,Sometimes,Often,3-5,Often,High,Yes,Often,Very safe,Low,High,Sometimes,3-5 hours,Yes,Verbal,Sometimes,"Tell a teacher or counsellor, Tell a parent or family member, Fight back or defend myself"
11/27/2025 17:19:08,21,Male,College/Pre-University/University,25,High,Often,Sometimes,Sometimes,1-2,Often,High,Yes,Sometimes,Safe,Low,High,Sometimes,3-5 hours,No,,,
11/27/2025 18:08:29,17,Female,Secondary School,36,Very High,Often,Sometimes,Sometimes,3-5,Always,High,Yes,Often,Safe,Low,High,Sometimes,3-5 hours,Yes,Relational / Social,Sometimes,"Tell a parent or family member, Tell a friend, Fight back or defend myself"
11/27/2025 18:39:28,18,Female,College/Pre-University/University,30,High,Often,Sometimes,Not at all,3-5,Always,Very High,Not sure,Often,Safe,Very Low,Very Low,Sometimes,more than 5 hours,No,,,
11/27/2025 19:04:00,25,Male,College/Pre-University/University,60,Very High,Often,Sometimes,Often,More than 5,Always,Very High,Yes,Always,Very safe,Low,Low,Sometimes,3-5 hours,No,,,
11/28/2025 1:22:13,22,Male,College/Pre-University/University,174,Very High,Often,Sometimes,Sometimes,More than 5,Often,High,No,Sometimes,Safe,High,High,Sometimes,3-5 hours,Yes,"Physical, Relational / Social",Rarely,Tell a friend
11/28/2025 10:32:55,21,Male,College/Pre-University/University,60+,Very High,Always,Never,Often,More than 5,Often,Low,Not sure,Often,Very safe,Very Low,Very High,Never,3-5 hours,No,,,
11/28/2025 12:32:45,17,Female,Secondary School,30,High,Always,Sometimes,Sometimes,More than 5,Often,High,Yes,Often,Very safe,Low,High,Never,3-5 hours,No,,,
11/28/2025 15:05:01,17,Female,Secondary School,35,Very High,Sometimes,Often,Not at all,More than 5,Always,Very High,No,Never,Slightly safe,Low,High,Never,3-5 hours,No,,,
11/28/2025 15:07:56,17,Male,Secondary School,31,High,Often,Sometimes,Not at all,More than 5,Always,High,Yes,Never,Safe,Low,High,Sometimes,3-5 hours,No,,,
11/28/2025 15:48:15,17,Female,Secondary School,24,High,Often,Sometimes,Sometimes,More than 5,Sometimes,High,Not sure,Sometimes,Safe,Low,High,Sometimes,3-5 hours,No,,,
11/28/2025 18:48:47,18,Female,College/Pre-University/University,20,Very High,Always,Sometimes,Sometimes,More than 5,Always,Very High,Yes,Always,Very safe,High,High,Sometimes,more than 5 hours,No,,,
11/28/2025 18:49:39,16,Female,Secondary School,31,Very High,Always,Sometimes,Sometimes,3-5,Always,Very High,Yes,Often,Very safe,Low,High,Sometimes,more than 5 hours,No,,,
11/28/2025 18:51:46,15,Female,Secondary School,26,High,Often,Sometimes,Sometimes,More than 5,Often,Low,Not sure,Sometimes,Safe,Low,Low,Sometimes,3-5 hours,No,,,
11/28/2025 19:01:02,16,Female,Secondary School,50,High,Sometimes,Sometimes,Sometimes,3-5,Often,High,Yes,Often,Safe,High,Low,Often,more than 5 hours,No,,,
11/28/2025 20:33:11,17,Female,Secondary School,36,High,Sometimes,Often,Sometimes,3-5,Often,High,Not sure,Sometimes,Safe,Low,Low,Sometimes,3-5 hours,Yes,Verbal,Rarely,Tell a friend
11/28/2025 21:25:05,18,Female,Secondary School,30,High,Often,Never,Not at all,More than 5,Often,High,Not sure,Never,Safe,Low,High,Never,more than 5 hours,No,,,
11/28/2025 22:38:57,17,Female,Secondary School,34,Low,Never,Never,Not at all,More than 5,Always,Low,Not sure,Sometimes,Very safe,High,Low,Sometimes,more than 5 hours,No,,,
11/29/2025 2:45:03,17,Female,Secondary School,39,High,Sometimes,Sometimes,Sometimes,More than 5,Often,High,No,Sometimes,Safe,Low,High,Sometimes,3-5 hours,Yes,Relational / Social,Sometimes,"Tell a parent or family member, Tell a friend, Ignore it/keep it to myself"
11/29/2025 8:04:21,17,Female,Secondary School,32,Low,Sometimes,Sometimes,Not at all,3-5,Always,High,Yes,Often,Safe,Very High,Low,Sometimes,more than 5 hours,No,,,
11/29/2025 12:33:28,17,Female,Secondary School,30,Very High,Often,Never,Sometimes,3-5,Sometimes,High,Not sure,Always,Safe,Low,High,Sometimes,3-5 hours,No,,,
11/29/2025 12:37:34,17,Female,Secondary School,43,High,Sometimes,Sometimes,Sometimes,3-5,Often,High,Yes,Often,Safe,Low,Low,Sometimes,more than 5 hours,No,,,
11/29/2025 13:13:50,21,Male,College/Pre-University/University,60,Very High,Always,Never,Sometimes,More than 5,Always,High,Yes,Sometimes,Safe,Low,High,Sometimes,more than 5 hours,No,,,
11/29/2025 14:09:09,20,Male,College/Pre-University/University,20,Low,Sometimes,Sometimes,Not at all,3-5,Often,High,Not sure,Sometimes,Safe,Low,High,Sometimes,3-5 hours,Yes,"Physical, Relational / Social, Cyber",Rarely,"Tell a friend, Post about it online, Do a prayer to God"
11/29/2025 14:31:45,17,Female,Secondary School,35,Very High,Often,Sometimes,Sometimes,3-5,Often,High,Not sure,Always,Safe,High,High,Always,more than 5 hours,Yes,"Verbal, Relational / Social",Rarely,"Tell a friend, Fight back or defend myself"
11/29/2025 14:41:50,17,Female,Secondary School,40,High,Often,Sometimes,Not at all,3-5,Often,High,Yes,Often,Safe,High,High,Sometimes,3-5 hours,No,,,
11/29/2025 15:53:23,23,Male,College/Pre-University/University,50,Very High,Always,Never,Sometimes,More than 5,Often,Low,No,Never,Not safe at all,Low,High,Sometimes,more than 5 hours,No,,,
11/29/2025 16:19:48,21,Male,College/Pre-University/University,70,High,Always,Sometimes,Sometimes,More than 5,Always,Very High,Yes,Always,Very safe,High,High,Sometimes,3-5 hours,No,,,
11/29/2025 16:20:19,16,Female,Secondary School,25,High,Never,Always,Sometimes,1-2,Sometimes,Low,Not sure,Sometimes,Safe,High,Low,Sometimes,more than 5 hours,No,,,
11/29/2025 16:24:04,17,Female,Secondary School,56,High,Often,Sometimes,Often,More than 5,Always,High,Not sure,Often,Safe,High,Low,Often,3-5 hours,No,,,
11/29/2025 16:45:59,17,Female,Secondary School,33,Very High,Always,Never,Sometimes,3-5,Often,High,Yes,Always,Very safe,Low,High,Never,1-2 hours,No,,,
11/29/2025 17:02:26,18,Female,Secondary School,50,High,Sometimes,Sometimes,Not at all,3-5,Often,Low,Not sure,Sometimes,Slightly safe,Low,Low,Sometimes,3-5 hours,No,,,
11/29/2025 17:52:59,17,Female,Secondary School,26,Very High,Always,Sometimes,Often,More than 5,Always,Very High,Yes,Always,Very safe,Low,High,Never,3-5 hours,No,,,
11/29/2025 18:10:26,17,Female,Secondary School,32,Low,Sometimes,Sometimes,Not at all,More than 5,Always,High,No,Sometimes,Safe,High,Low,Sometimes,3-5 hours,No,,,
11/29/2025 18:50:11,18,Female,Secondary School,44,High,Often,Sometimes,Not at all,More than 5,Always,Very High,Yes,Sometimes,Safe,Low,High,Sometimes,more than 5 hours,Yes,"Verbal, Relational / Social",Rarely,"Tell a parent or family member, Tell a friend"
11/29/2025 20:06:31,17,Male,Secondary School,39,High,Sometimes,Often,Not at all,1-2,Sometimes,Low,No,Sometimes,Slightly safe,High,Low,Often,3-5 hours,No,,,
11/29/2025 20:16:20,17,Male,Secondary School,13,Low,Never,Sometimes,Sometimes,More than 5,Often,High,Not sure,Sometimes,Very safe,High,Low,Never,more than 5 hours,Yes,Physical,Rarely,"Tell a teacher or counsellor, Tell a friend, Ignore it/keep it to myself"
11/29/2025 20:32:33,17,Female,Secondary School,31,High,Never,Sometimes,Sometimes,3-5,Always,High,Not sure,Always,Safe,High,Very Low,Sometimes,more than 5 hours,No,,,
11/29/2025 20:39:25,17,Female,Secondary School,56,High,Often,Sometimes,Sometimes,More than 5,Sometimes,Low,Yes,Sometimes,Safe,High,Low,Sometimes,more than 5 hours,No,,,
11/29/2025 21:48:20,17,Female,Secondary School,27,High,Sometimes,Never,Sometimes,3-5,Often,High,Not sure,Often,Safe,Low,Low,Sometimes,more than 5 hours,No,,,
11/29/2025 22:26:33,17,Female,Primary School,31,High,Never,Sometimes,Not at all,1-2,Sometimes,High,Not sure,Sometimes,Very safe,Very High,Low,Often,more than 5 hours,No,,,
11/29/2025 22:38:48,17,Female,Secondary School,18,Very High,Sometimes,Sometimes,Sometimes,1-2,Sometimes,High,No,Sometimes,Safe,Low,Low,Sometimes,more than 5 hours,No,,,
11/30/2025 0:08:15,17,Female,Secondary School,29,Low,Sometimes,Sometimes,Not at all,More than 5,Often,High,No,Sometimes,Safe,Low,Very Low,Never,more than 5 hours,No,,,
11/30/2025 8:38:30,17,Female,Primary School,31,High,Often,Sometimes,Sometimes,More than 5,Often,Low,Not sure,Sometimes,Very safe,Low,High,Sometimes,more than 5 hours,Yes,"Verbal, Relational / Social",Sometimes,"Tell a parent or family member, Tell a friend"
11/30/2025 10:31:57,17,Male,Secondary School,35,High,Never,Sometimes,Not at all,3-5,Sometimes,High,Yes,Sometimes,Safe,Low,Very Low,Sometimes,more than 5 hours,No,,,
11/30/2025 11:52:41,17,Female,Primary School,45,High,Sometimes,Often,Sometimes,More than 5,Sometimes,Low,Not sure,Sometimes,Slightly safe,Low,Low,Sometimes,more than 5 hours,No,,,
11/30/2025 11:55:55,18,Female,Secondary School,30,High,Often,Sometimes,Sometimes,More than 5,Sometimes,Low,Not sure,Sometimes,Slightly safe,High,High,Often,3-5 hours,No,,,
11/30/2025 21:05:29,17,Female,Secondary School,25,High,Always,Sometimes,Often,1-2,Often,High,Yes,Always,Safe,High,High,Sometimes,3-5 hours,Yes,"Verbal, Relational / Social",Rarely,"Tell a teacher or counsellor, Tell a parent or family member, Tell a friend, Ignore it/keep it to myself, Fight back or defend myself, Post about it online"
11/30/2025 21:53:02,17,Female,Secondary School,44,High,Sometimes,Often,Not at all,3-5,Sometimes,High,Not sure,Sometimes,Slightly safe,Low,Low,Sometimes,3-5 hours,No,,,
12/1/2025 9:03:46,16,Female,Secondary School,30++,Very High,Always,Never,Sometimes,More than 5,Often,High,Not sure,Sometimes,Safe,Low,High,Often,3-5 hours,No,,,
12/1/2025 16:46:05,21,Male,College/Pre-University/University,14,Very High,Always,Sometimes,Sometimes,More than 5,Always,High,Yes,Often,Safe,Low,Very High,Sometimes,more than 5 hours,Yes,Verbal,Sometimes,"Tell a teacher or counsellor, Tell a parent or family member, Tell a friend, Ignore it/keep it to myself, Fight back or defend myself, Post about it online"
12/2/2025 16:28:32,14,Female,Secondary School,25,Very High,Often,Sometimes,Sometimes,1-2,Often,High,Not sure,Often,Safe,High,Low,Sometimes,1-2 hours,No,,,
12/8/2025 15:15:46,19,Female,College/Pre-University/University,70,Very High,Always,Sometimes,Sometimes,More than 5,Always,High,Not sure,Often,Very safe,Very Low,High,Never,more than 5 hours,No,,,
12/8/2025 15:18:24,21,Female,College/Pre-University/University,150,Very High,Often,Never,Sometimes,3-5,Sometimes,Low,Not sure,Sometimes,Safe,High,High,Sometimes,more than 5 hours,Yes,"Verbal, Relational / Social",Sometimes,"Ignore it/keep it to myself, Fight back or defend myself"
12/8/2025 15:21:29,18,Male,College/Pre-University/University,22,High,Always,Sometimes,Sometimes,1-2,Always,High,Yes,Always,Very safe,Very High,Very High,Sometimes,3-5 hours,No,,,
12/8/2025 15:22:12,18,Female,College/Pre-University/University,23,High,Always,Often,Not at all,3-5,Often,Low,Not sure,Never,Slightly safe,Low,Very Low,Sometimes,more than 5 hours,No,,,
12/8/2025 15:24:10,19,Female,College/Pre-University/University,100+,Very High,Often,Never,Sometimes,1-2,Often,High,Not sure,Often,Safe,Low,High,Sometimes,more than 5 hours,No,,,
12/8/2025 15:26:35,20,Female,College/Pre-University/University,110+,High,Often,Sometimes,Sometimes,3-5,Sometimes,High,No,Sometimes,Safe,Low,High,Sometimes,more than 5 hours,Yes,Verbal,Rarely,Tell a friend
12/8/2025 15:29:21,20,Female,College/Pre-University/University,34,High,Always,Always,Always,3-5,Always,Very High,Not sure,Always,Very safe,Very High,Very High,Always,more than 5 hours,No,,,
12/8/2025 15:30:15,18,Female,College/Pre-University/University,10,High,Often,Sometimes,Not at all,3-5,Often,High,No,Never,Very safe,High,Low,Sometimes,more than 5 hours,No,,,
12/8/2025 15:34:19,19,Male,College/Pre-University/University,300,Very High,Always,Sometimes,Sometimes,More than 5,Always,Very High,Yes,Often,Very safe,Low,High,Sometimes,more than 5 hours,Yes,"Physical, Verbal",Rarely,"Tell a friend, Fight back or defend myself"
12/8/2025 15:35:33,19,Female,College/Pre-University/University,204,Very High,Always,Sometimes,Sometimes,More than 5,Often,High,Not sure,Often,Safe,Low,High,Sometimes,more than 5 hours,Yes,"Verbal, Relational / Social, Cyber",Rarely,"Tell a parent or family member, Tell a friend, Fight back or defend myself, Post about it online"
12/8/2025 15:42:34,21,Female,College/Pre-University/University,20,Low,Sometimes,Always,Not at all,3-5,Often,Low,No,Sometimes,Slightly safe,High,Low,Never,3-5 hours,Yes,"Relational / Social, Sexual",Sometimes,"Ignore it/keep it to myself, Fight back or defend myself"
12/8/2025 15:43:41,19,Female,College/Pre-University/University,20,Very High,Always,Never,Not at all,1-2,Always,Very High,Yes,Always,Safe,Low,High,Never,3-5 hours,Yes,"Physical, Relational / Social",Sometimes,"Tell a friend, Ignore it/keep it to myself"
12/8/2025 15:55:38,21,Female,College/Pre-University/University,72,Very High,Often,Sometimes,Sometimes,1-2,Always,High,Yes,Always,Safe,High,Low,Sometimes,3-5 hours,No,,,
12/8/2025 15:58:28,20's,Female,College/Pre-University/University,74,High,Often,Sometimes,Sometimes,More than 5,Sometimes,High,Not sure,Often,Safe,Very High,Low,Often,3-5 hours,Yes,Relational / Social,Often,"Tell a friend, Ignore it/keep it to myself, Fight back or defend myself"
12/8/2025 18:32:31,18,Male,College/Pre-University/University,28,Very High,Always,Sometimes,Often,More than 5,Always,Very High,Yes,Sometimes,Safe,High,Low,Sometimes,more than 5 hours,No,,,
12/9/2025 11:35:21,20,Male,College/Pre-University/University,30,High,Often,Often,Sometimes,More than 5,Sometimes,Very Low,Not sure,Sometimes,Safe,High,High,Sometimes,more than 5 hours,No,,,
12/10/2025 13:04:41,22,Male,College/Pre-University/University,30,High,Often,Sometimes,Sometimes,1-2,Sometimes,Low,Yes,Sometimes,Safe,Low,High,Never,more than 5 hours,Yes,Verbal,Sometimes,Ignore it/keep it to myself
12/10/2025 14:23:23,22,Female,College/Pre-University/University,14,High,Sometimes,Sometimes,Not at all,More than 5,Always,Low,No,Often,Safe,High,High,Never,more than 5 hours,No,,,
12/10/2025 17:34:00,20,Female,College/Pre-University/University,35,Very High,Sometimes,Sometimes,Sometimes,More than 5,Always,Very High,Yes,Often,Safe,Low,High,Sometimes,more than 5 hours,No,,,
12/10/2025 17:35:39,23,Female,College/Pre-University/University,60,High,Sometimes,Sometimes,Sometimes,1-2,Sometimes,High,Yes,Often,Safe,High,Low,Sometimes,3-5 hours,Yes,Verbal,Sometimes,Ignore it/keep it to myself
12/10/2025 17:35:42,22,Female,College/Pre-University/University,60,Very High,Always,Sometimes,Often,3-5,Often,Very High,Yes,Sometimes,Very safe,Low,High,Sometimes,3-5 hours,Yes,Physical,Rarely,"Tell a parent or family member, Fight back or defend myself"
12/10/2025 17:35:44,20,Female,College/Pre-University/University,50,High,Often,Sometimes,Sometimes,1-2,Often,High,Yes,Often,Safe,High,High,Never,3-5 hours,No,,,
12/10/2025 17:35:59,20,Female,College/Pre-University/University,30,Very High,Always,Never,Often,More than 5,Always,Very High,Not sure,Sometimes,Safe,Low,High,Never,more than 5 hours,No,,,
12/10/2025 17:36:13,21,Female,College/Pre-University/University,80,High,Sometimes,Sometimes,Not at all,1-2,Sometimes,High,Not sure,Sometimes,Safe,Low,Low,Sometimes,more than 5 hours,No,,,
12/10/2025 17:37:16,21,Female,College/Pre-University/University,50,High,Always,Sometimes,Not at all,3-5,Often,High,Yes,Sometimes,Safe,Very High,Low,Sometimes,more than 5 hours,No,,,
12/10/2025 17:37:17,21,Female,College/Pre-University/University,50,High,Sometimes,Sometimes,Sometimes,More than 5,Often,High,Not sure,Sometimes,Safe,High,High,Sometimes,more than 5 hours,No,,,
12/10/2025 17:37:23,21,Female,College/Pre-University/University,70,Very High,Never,Sometimes,Sometimes,More than 5,Often,Low,No,Sometimes,Slightly safe,Very High,High,Sometimes,more than 5 hours,No,,,
12/10/2025 17:40:50,22,Female,College/Pre-University/University,60,High,Always,Sometimes,Sometimes,More than 5,Often,High,Not sure,Sometimes,Very safe,Low,Low,Sometimes,3-5 hours,No,,,
12/10/2025 17:55:33,25,Female,College/Pre-University/University,36,Very High,Always,Sometimes,Not at all,More than 5,Often,High,Not sure,Sometimes,Slightly safe,High,Low,Sometimes,more than 5 hours,No,,,